<?xml version="1.0"?>
<?mso-application progid="Excel.Sheet"?>
<Workbook xmlns="urn:schemas-microsoft-com:office:spreadsheet"
 xmlns:o="urn:schemas-microsoft-com:office:office"
 xmlns:x="urn:schemas-microsoft-com:office:excel"
 xmlns:ss="urn:schemas-microsoft-com:office:spreadsheet"
 xmlns:html="http://www.w3.org/TR/REC-html40">
 <DocumentProperties xmlns="urn:schemas-microsoft-com:office:office">
  <Author>Administrator</Author>
  <LastAuthor>Administrator</LastAuthor>
  <Created>2008-06-23T22:41:32Z</Created>
 </DocumentProperties>
 <Styles>
  <Style ss:ID="Default" ss:Name="Normal">
   <Alignment ss:Vertical="Top"/>
   <Borders/>
   <Font/>
   <Interior/>
   <NumberFormat/>
   <Protection/>
  </Style>
  <Style ss:ID="sh1">
   <Borders>
    <Border ss:Position="Bottom" ss:LineStyle="Continuous" ss:Weight="1"/>
    <Border ss:Position="Right" ss:LineStyle="Continuous" ss:Weight="1"/>
    <Border ss:Position="Top" ss:LineStyle="Continuous" ss:Weight="1"/>
   </Borders>
   <Font ss:Bold="1"/>
   <Interior ss:Color="#C0C0C0" ss:Pattern="Solid"/>
  </Style>
  <Style ss:ID="sh2">
   <Borders>
    <Border ss:Position="Bottom" ss:LineStyle="Continuous" ss:Weight="1"/>
    <Border ss:Position="Left" ss:LineStyle="Continuous" ss:Weight="1"/>
    <Border ss:Position="Right" ss:LineStyle="Continuous" ss:Weight="1"/>
    <Border ss:Position="Top" ss:LineStyle="Continuous" ss:Weight="1"/>
   </Borders>
   <Font ss:Bold="1"/>
   <Interior ss:Color="#C0C0C0" ss:Pattern="Solid"/>
  </Style>
  <Style ss:ID="s40">
   <Alignment ss:WrapText="1"/>
   <Font x:Family="Swiss"/>
  </Style>
  <Style ss:ID="s41">
   <Alignment ss:WrapText="1"/>
   <Font x:Family="Swiss" ss:Bold="1"/>
  </Style>
  <Style ss:ID="s42">
   <Alignment ss:WrapText="1"/>
   <Font x:Family="Swiss" ss:Underline="Single"/>
  </Style>
  <Style ss:ID="s43">
   <Alignment ss:WrapText="1"/>
   <Font x:Family="Swiss" ss:Bold="1" ss:Underline="Single"/>
  </Style>
  <Style ss:ID="s28">
  </Style>
  <Style ss:ID="s22">
   <NumberFormat ss:Format="#,##0.00"/>
  </Style>
  <Style ss:ID="s23">
   <NumberFormat ss:Format="0"/>
  </Style>
  <Style ss:ID="s24">
   <NumberFormat ss:Format="Fixed"/>
  </Style>
  <Style ss:ID="s26">
   <NumberFormat ss:Format="Currency"/>
  </Style>
  <Style ss:ID="s27">
   <NumberFormat ss:Format="_-* #,##0.00\ &quot;€&quot;_-;\-* #,##0.00\ &quot;€&quot;_-;_-* &quot;-&quot;??\ &quot;€&quot;_-;_-@_-"/>
  </Style>
  <Style ss:ID="s25" ss:Name="Prozent">
   <NumberFormat ss:Format="0%"/>
  </Style>
  <Style ss:ID="s30">
   <NumberFormat ss:Format="Short Date"/>
  </Style>
  <Style ss:ID="s31">
   <NumberFormat ss:Format="General Date"/>
  </Style>
  <Style ss:ID="s50">
   <Alignment  ss:Horizontal="Right"  ss:Vertical="Top"  ss:Rotate="10"  />
   <Borders>
    <Border  ss:Position="Left"  ss:LineStyle="Double"  ss:Weight="2"  ss:Color="#0000FF" />
    <Border  ss:Position="Right"  ss:LineStyle="Double"  ss:Weight="2"  ss:Color="#0000FF" />
    <Border  ss:Position="Bottom"  ss:LineStyle="Continuous"  ss:Weight="2"  ss:Color="#FF0000" />
    <Border  ss:Position="Top"  ss:LineStyle="Continuous"  ss:Weight="2"  ss:Color="#FF0000" />
   </Borders>
   <Font  ss:FontName="Times New Roman"  ss:Size="14"  ss:Color="#0000FF"  ss:Bold="1"  ss:VerticalAlign="Subscript"  ss:Underline="Single"  />
   <Interior  ss:Color="#FFFF99"  ss:Pattern="ThinHorzStripe"  ss:PatternColor="#FFFFFF"  />
   <Protection/>
  </Style>
  <Style ss:ID="s51">
   <Protection ss:Protected="1" />
  </Style>
 </Styles>
 <Worksheet ss:Name="test_1">
  <Table ss:DefaultColumnWidth="60">
   <Column  ss:Width="91"  />
   <Column  ss:Width="182"  />
   <Column  ss:AutoFitWidth="1"  />
   <Column  ss:AutoFitWidth="1"  />
   <Row>
    <Cell ss:MergeAcross="1" ss:StyleID="sh1"><Data ss:Type="String">topCaption left</Data></Cell>
    <Cell ss:MergeAcross="0" ss:StyleID="sh2"><Data ss:Type="String">topCaption right</Data></Cell>
   </Row>
   <Row>
    <Cell ss:StyleID="sh1"><Data ss:Type="String">caption left</Data><Comment ss:Author="Administrator"><ss:Data xmlns="http://www.w3.org/TR/REC-html40"><B><Font html:Face="Tahoma" html:Size="8" html:Color="#000000">Administrator:</Font></B><Font html:Face="Tahoma" html:Size="8" html:Color="#000000"> My Comment with &#10;linebreak</Font></ss:Data></Comment></Cell>
    <Cell ss:StyleID="sh2"><Data ss:Type="String">caption center</Data></Cell>
    <Cell ss:StyleID="sh2"><Data ss:Type="String">caption right</Data></Cell>
    <Cell ss:StyleID="sh2"><Data ss:Type="String">caption without top caption</Data></Cell>
   </Row>
   <Row ss:AutoFitHeight="1">
    <Cell ss:StyleID="s31"><Data ss:Type="DateTime">2008-06-23T22:41:32Z</Data></Cell>
    <Cell ><Data ss:Type="String">Sample Text</Data></Cell>
    <Cell ss:StyleID="s24" ><Data ss:Type="Number">2.564102564103</Data></Cell>
   </Row>
   <Row ss:AutoFitHeight="1">
    <Cell ss:StyleID="s30"><Data ss:Type="DateTime">2008-06-23T22:41:32Z</Data></Cell>
    <Cell ><Data ss:Type="String">another text &lt; kjnh &quot; &quot;&gt;&amp;</Data></Cell>
    <Cell ss:StyleID="s25" ><Data ss:Type="Number">.39</Data></Cell>
    <Cell ss:StyleID="s23" ><Data ss:Type="Number">2.564102564103</Data></Cell>
    <Cell ss:StyleID="s40" ><Data ss:Type="String">Comment</Data><Comment ss:Author="Administrator"><ss:Data xmlns="http://www.w3.org/TR/REC-html40"><B><Font html:Face="Tahoma" html:Size="8" html:Color="#000000">Administrator:</Font></B><Font html:Face="Tahoma" html:Size="8" html:Color="#000000"> My Comment with &#10;linebreak</Font></ss:Data></Comment></Cell>
   </Row>
   <Row ss:AutoFitHeight="1">
    <Cell ss:StyleID="s43" ><Data ss:Type="String">Summand 1 bold underlined</Data></Cell>
    <Cell ss:StyleID="s26" ><Data ss:Type="Number">-2.564102564103</Data></Cell>
    <Cell ><Data ss:Type="String">Summand 2</Data></Cell>
    <Cell ss:StyleID="s27" ><Data ss:Type="Number">2.052631578947</Data></Cell>
   </Row>
   <Row ss:AutoFitHeight="1">
    <Cell ><Data ss:Type="String">Sum</Data></Cell>
    <Cell ss:StyleID="s24"  ss:Formula="=SUM(R[-1]C,R[-1]C[2])" ><Data ss:Type="Number"></Data></Cell>
   </Row>
  </Table>
  <WorksheetOptions xmlns="urn:schemas-microsoft-com:office:excel">
   <Selected/>
   <FreezePanes/>
   <FrozenNoSplit/>
   <SplitHorizontal>2</SplitHorizontal>
   <TopRowBottomPane>2</TopRowBottomPane>
   <ActivePane>2</ActivePane>
   <Panes>
    <Pane>
     <Number>3</Number>
    </Pane>
    <Pane>
     <Number>2</Number>
    </Pane>
   </Panes>
   <ProtectObjects>False</ProtectObjects>
   <ProtectScenarios>False</ProtectScenarios>
  </WorksheetOptions>
  <AutoFilter x:Range="R2C1:R2C4" xmlns="urn:schemas-microsoft-com:office:excel">
  </AutoFilter>
    <ConditionalFormatting xmlns="urn:schemas-microsoft-com:office:excel">
   <Range>R4C4</Range>
   <Condition>
    <Qualifier>Greater</Qualifier>
    <Value1>0</Value1>
    <Format Style='color:#FF0000;font-style:italic;font-weight:700;text-underline-style:double;background:#C0C0C0;'/>
   </Condition>
    </ConditionalFormatting>
 </Worksheet>
 <Worksheet ss:Name="new sheet" ss:Protected="1" >
  <Table ss:DefaultColumnWidth="60">
   <Row ss:AutoFitHeight="1">
    <Cell ><Data ss:Type="String">Data on second sheet</Data></Cell>
    <Cell ss:StyleID="s50" ><Data ss:Type="String">My format</Data></Cell>
    <Cell ss:StyleID="s51" ><Data ss:Type="String">Protected</Data></Cell>
   </Row>
  </Table>
  <WorksheetOptions xmlns="urn:schemas-microsoft-com:office:excel">
   <Selected/>
   <Panes>
    <Pane>
     <Number>3</Number>
     <ActiveRow>1</ActiveRow>
    </Pane>
   </Panes>
   <ProtectObjects>False</ProtectObjects>
   <ProtectScenarios>False</ProtectScenarios>
  </WorksheetOptions>
 </Worksheet>
</Workbook>
